X_C,Y_C,X_L,Y_L,X_R,Y_R,Psi_Int
86.60254037844388,50.00000000000001,88.76760388790497,48.75000000000001,84.43747686898277,51.25000000000001,-2.0943951023931953
86.42689294170339,49.69699634769966,88.58756526524597,48.43942125639215,84.2662206181608,50.95457143900717,-2.0978974353403412
86.25018536473205,49.39460972831685,88.40643999885035,48.12947497152477,84.09393073061375,50.65974448510893,-2.1013997682874868
86.07241981508213,49.09284385102368,88.22423031045919,47.820164947299276,83.92060931970508,50.36552275474809,-2.1049021012346327
85.89359847328342,48.79170241737805,88.0409384351155,47.5114949778125,83.74625851145133,50.0719098569436,-2.1084044341817787
85.71372353281632,48.491189121278175,87.85656662113672,47.203468849310134,83.5708804444959,49.778909393246224,-2.1119067671289242
85.53279720008504,48.191307648917416,87.67111713008717,46.89609034014035,83.39447727008292,49.48652495769448,-2.11540910007607
85.35082169439055,47.8920616787389,87.4845922367503,46.58936322070737,83.21705115203078,49.19476013677042,-2.118911433023216
85.16779924790325,47.59345488139052,87.29699422910082,46.28329125342528,83.03860426670566,48.90361850935575,-2.1224137659703617
84.9837321056357,47.295490919679885,87.10832540827658,45.97787819267188,82.85913880299479,48.61310364668789,-2.1259160989175077
84.79862252541498,46.99817344852932,86.91858808855037,45.673127784742555,82.67865696227962,48.32321911231609,-2.1294184318646536
84.61247277785515,46.70150611493115,86.72778459730152,45.36904376780443,82.49716095840876,48.03396846205787,-2.132920764811799
84.42528514632919,46.405492557902825,86.53591727498741,45.0656298718504,82.31465301767096,47.74535524395526,-2.136423097758945
84.23706192694115,46.11013640844246,86.3429884751147,44.76288981865352,82.13113537876762,47.457382998231395,-2.139925430706091
84.047805428498,45.81544128948411,86.14900056421044,44.46082732172122,81.94661029278554,47.170055257247014,-2.1434277636532366
83.8575179724811,45.52141081585345,85.95395592179312,44.15944608624978,81.76108002316907,46.88337554545711,-2.1469300966003826
83.666201893018,45.22804859422342,85.75785694034344,43.858749809079,81.57454684569255,46.597347379367825,-2.1504324295475286
83.4738595368536,44.9353582230699,85.56070602527494,43.558742178646646,81.38701304843227,46.31197426749315,-2.153934762494674
83.28049326332149,44.64334329262771,85.36250559490452,43.25942687494341,81.19848093173844,46.02725971031202,-2.15743709544182
83.08610544431492,44.35200738484648,85.1632580804228,42.96080756946764,81.00895280820706,45.74320720022532,-2.160939428388966
82.89069846425781,44.06135407334667,84.96296592586425,42.662887925180335,80.81843100265137,45.459820221513006,-2.1644417613361115
82.69427472007536,43.771386923375864,84.76163158807724,42.36567159646026,80.62691785207348,45.17710225029147,-2.1679440942832575
82.49683662116476,43.482109491764916,84.55925753669388,42.069162229059046,80.43441570563564,44.895056754470794,-2.1714464272304035
82.29838658936565,43.193525326884426,84.35584625409979,41.773363460056544,80.24092692463151,44.613687193712316,-2.174948760177549
82.09892705893029,42.9056379686011,84.15140023540354,41.47827891781613,80.04645388245703,44.33299701938607,-2.178451093124695
81.89846047649382,42.61845094823441,83.94592198840617,41.18391222194027,79.85099896458148,44.05298967452855,-2.181953426071841
81.69698930104421,42.33196778851329,83.73941403357031,40.89026698322613,79.6545645685181,43.77366859380046,-2.1854557590189865
81.49451600389206,42.046192003532845,83.53187890398937,40.597346803621164,79.45715310379475,43.495037203444525,-2.1889580919661324
81.29104306864036,41.76112709871133,83.32331914535638,40.30515527617911,79.25876699192436,43.21709892124354,-2.192460424913278
81.08657299115396,41.476776570747056,83.11373731593281,40.01369598501573,79.0594086663751,42.939857156478375,-2.195962757860424
80.88110827952899,41.193143907575646,82.90313598651721,39.72297250526504,78.85908057254076,42.66331530988626,-2.1994650908075695
80.67465145406206,40.91023258832708,82.6915177404136,39.43298840303525,78.6577851677105,42.3874767736189,-2.2029674237547154
80.46720504721938,40.62804608328313,82.47888517339986,39.14374723536521,78.4555249210389,42.11234493120105,-2.2064697567018614
80.25877160360572,40.346587853834784,82.26524089369586,38.85525255018065,78.25230231351557,41.83792315748891,-2.209972089649007
80.04935367993312,40.065861352439725,82.05058752193145,38.567507886250716,78.04811983793479,41.564214818628734,-2.213474422596153
79.83895384498959,39.78587002258007,81.83492769111433,38.280516773144576,77.84297999886485,41.29122327201557,-2.216976755543299
79.62757467960758,39.50661729872002,81.61826404659776,37.99428273118803,77.63688531261738,41.018951866252024,-2.2204790884904444
79.41521877663232,39.22810660626388,81.40059924604812,37.70880927142048,77.4298383072165,40.74740394110728,-2.2239814214375904
79.20188874089,38.95034136151387,81.18193595941224,37.42409989555172,77.22184152236774,40.47658282747603,-2.2274837543847363
78.98758718915586,38.673324971628375,80.96227686888476,37.140158095919084,77.01289750942696,40.20649184733767,-2.230986087331882
78.7723167501221,38.397060834580046,80.74162466887516,36.856987355444545,76.80300883136906,39.93713431371554,-2.234488420279028
78.55608006436555,38.12155233911416,80.51998206597469,36.57459114759202,76.59217806275642,39.66851353063631,-2.237990753226174
78.33887978431537,37.84680286470707,80.29735177892326,36.29297293632475,76.38040778970749,39.4006327930894,-2.2414930861733193
78.12071857422045,37.57281578152474,80.07373653857596,36.01213617606285,76.16770060986494,39.13349538698662,-2.2449954191204653
77.90159911011679,37.299594450381335,79.84913908786972,35.732084311640875,75.95405913236387,38.8671045891218,-2.2484977520676113
77.68152407979461,37.02714222269813,79.62356218178948,35.452820778265576,75.73948597779975,38.60146366713067,-2.252000085014757
77.46049618276545,36.755462440462274,79.3970085873346,35.17434900147383,75.52398377819632,38.33657587945071,-2.2555024179619028
77.23851813022901,36.48455843618591,79.16948108348474,34.896672397090555,75.3075551769733,38.07244447528126,-2.2590047509090487
77.0155926450399,36.21443353286515,78.9409824611659,34.619794371186785,75.0902028289139,37.809072694543524,-2.2625070838561943
76.79172246167421,35.9450910439395,78.71151552321608,34.34371832003798,74.87192940013236,37.546463767841004,-2.2660094168033402
76.5669103261961,35.67653427325105,78.481083084351,34.06844763008232,74.65273756804119,37.28462091641977,-2.269511749750486
76.3411589962239,35.40876651500403,78.24968797112949,33.793985677879135,74.43263002131829,37.02354735212893,-2.2730140826976317
76.11447124089648,35.14179105372442,78.01733302191889,33.52033583006752,74.21160945987407,36.763246277381306,-2.2765164156447777
75.8868498408392,34.87561116421956,77.78402108686018,33.24750144332505,73.98967859481822,36.50372088511408,-2.2800187485919237
75.6582975881298,34.610230111538144,77.54975502783304,32.9754858643266,73.76684014842655,36.24497435874969,-2.283521081539069
75.42881728626412,34.34565115092998,77.31453771842072,32.70429242970323,73.54309685410752,35.98700987215673,-2.287023414486215
75.19841175012183,34.08187752780623,77.07837204387488,32.433924466001386,73.31845145636878,35.72983058961107,-2.290525747433361
74.96708380593178,33.81891247769947,76.84126090108008,32.164385289641956,73.09290671078348,35.473439665756985,-2.2940280803805067
74.73483629123733,33.5567592262241,76.60320719851826,31.89567820687971,72.8664653839564,35.21784024556851,-2.2975304133276526
74.50167205486169,33.29542098903673,76.36421385623323,31.62780651376265,72.63913025349015,34.963035464310806,-2.301032746274798
74.26759395687277,33.0349009717967,76.1242838057946,31.36077349609161,72.41090410795096,34.70902844750178,-2.304535079221944
74.0326048685483,32.77520237012685,75.88341999026201,31.094582429380026,72.1817897468346,34.455822310873685,-2.3080374121690896
73.79670767234043,32.51632836957424,75.64162536414895,30.829236578813592,71.95178998053193,34.20342016033487,-2.3115397451162356
73.5599052618405,32.2582821455711,75.3989028933865,30.56473919921038,71.72090763029449,33.95182509193182,-2.3150420780633816
73.3222005417435,32.00106686339595,75.15525555528708,30.301093534980836,71.48914552819991,33.701040191811046,-2.318544411010527
73.08359642781241,31.7446856781346,74.91068633850773,30.038302820087964,71.2565065171171,33.45106853618124,-2.322046743957673
72.8440958468425,31.48914173464165,74.66519824301356,29.77637027800769,71.02299345067144,33.20191319127561,-2.325549076904819
72.60370173662541,31.23443816750178,74.41879428004106,29.515299121689324,70.78860919320978,32.95357721331423,-2.3290514098519646
72.36241704591303,30.98057810099135,74.17147747206086,29.255092553516135,70.55335661976521,32.70606364846657,-2.3325537427991105
72.12024473438146,30.727564649040062,73.92325085274099,28.99575376526606,70.31723861602192,32.459375532814065,-2.3360560757462565
71.87718777259461,30.475400915192793,73.67411746690948,28.737285938072617,70.08025807827974,32.21351589231297,-2.339558408693402
71.63324914196784,30.22408999257148,73.42408037051703,28.479692242385767,69.84241791341864,31.96848774275719,-2.343060741640548
71.38843183473128,29.9736349638372,73.17314263059956,28.22297583793312,69.603721038863,31.724294089741264,-2.346563074587694
71.14273885389325,29.724038901152355,72.92130732524058,27.967139873681162,69.36417038254592,31.480937928623547,-2.3500654075348395
70.89617321320334,29.47530486614302,72.66857754353342,27.712187487796598,69.12376888287325,31.238422244489456,-2.3535677404819855
70.64873793711547,29.227435909861356,72.41495638554336,27.458121807607895,68.88251948868758,30.996750012114816,-2.3570700734291314
70.40043606075078,28.98043507274815,72.16044696226955,27.20494594956685,68.64042515923201,30.75592419592944,-2.360572406376277
70.15127062986043,28.734305384595586,71.90505239560694,26.952663019210476,68.39748886411392,30.515947749980697,-2.364074739323423
69.90124470078821,28.489049864510065,71.64877581830791,26.70127611112281,68.15371358326851,30.276823617897307,-2.367577072270569
69.65036134043305,28.24467152087513,71.39162037394388,26.450788308897003,67.90910230692222,30.038554732853257,-2.3710794052177144
69.39862362621143,28.001173351314605,71.13358921686671,26.20120268509747,67.66365803555614,29.80114401753174,-2.3745817381648604
69.1460346460196,27.758558342655846,70.87468551217009,25.952522301222245,67.4173837798691,29.564594384089446,-2.3780840711120064
68.89259749819568,27.51682947089303,70.61491243565058,25.70475020766534,67.17028256074079,29.328908734120702,-2.381586404059152
68.63831529148175,27.275989701150678,70.35427317376879,25.457889443679434,66.9223574091947,29.094089958621907,-2.385088737006298
68.38319114498563,27.03604198764735,70.09277092361027,25.211943037338543,66.67361136636099,28.860140937956174,-2.388591069953444
68.12722818814262,26.79698927365935,69.8304088928462,24.966914005500826,66.42404748343907,28.62706454181786,-2.3920934029005894
67.87042956067718,26.558834491484575,69.5671902996941,24.72280535377169,66.17366882166026,28.39486362919746,-2.3955957358477353
67.61279841256436,26.321580562406638,69.30311837287847,24.479620076466816,65.92247845225025,28.163541048346474,-2.3990980687948813
67.35433790399115,26.085230396659014,69.03819635159094,24.237361156575503,65.67047945639138,27.93309963674254,-2.402600401742027
67.0950512053178,25.849786893389293,68.77242748545075,23.996031565724024,65.41767492518485,27.703542221054562,-2.406102734689173
66.83494149703883,25.615252940623662,68.50581503446479,23.755634264139246,65.16406795961285,27.474871617108064,-2.4096050676363188
66.57401196974406,25.381631415231453,68.23836226898766,23.516172200612246,64.90966167050045,27.24709062985066,-2.4131074005834643
66.31226582407953,25.148925182889897,67.97007246968153,23.277648312462134,64.65445917847754,27.020202053317647,-2.41660973353061
66.0497062707081,24.91713709804891,67.7009489274758,23.04006552550014,64.3984636139404,26.794208670597698,-2.420112066477756
65.78633653027023,24.686270003896155,67.43099494352698,22.80342675399355,64.14167811701347,26.569113253798747,-2.4236143994249018
65.52215983334436,24.456326732322097,67.16021382917798,22.567734900630157,63.88410583751075,26.34491856401405,-2.4271167323720473
65.25717942040733,24.227310103885287,66.88860890591751,22.332992856482406,63.625749934897144,26.121627351288154,-2.4306190653191933
64.99139854179458,23.99922292777778,66.61618350533945,22.099203500972223,63.36661357824972,25.899242354583336,-2.434121398266339
64.72482045766041,23.772068001790686,66.34294096910193,21.866369701835453,63.1066999462189,25.67776630174592,-2.4376237312134847
64.45744843793783,23.545848112279828,66.06888464888627,21.634494315086812,62.84601222698938,25.45720190947283,-2.4411260641606307
64.18928576229851,23.320566034131545,65.79401790635598,21.403580184984833,62.584553618241046,25.237551883278257,-2.4446283971077767
63.92033572011261,23.096224530728676,65.51834411311542,21.173630143996903,62.3223273271098,25.018818917460464,-2.448130730054922
63.650601610408366,22.872826353916736,65.24186665066857,20.944647012764662,62.059336570148155,24.801005695068824,-2.451633063002068
63.38008674183162,22.650374243969992,64.96458891037742,20.716633600069244,61.79558457328583,24.58411488787074,-2.455135395949214
63.10879443260527,22.428870929558016,64.6865142934204,20.48959270279697,61.53107457179014,24.368149156319063,-2.4586377288963597
62.836728010488585,22.20831912771213,64.4076462107508,20.263527105904927,61.26580981022637,24.15311114951932,-2.4621400618435056
62.563890812736304,21.98872154379208,64.1279880830547,20.038439582386886,60.99979354241789,23.939003505197277,-2.4656423947906516
62.29028618605774,21.770080871452862,63.84754334070919,19.814332893239197,60.733029031406296,23.72582884966654,-2.469144727737797
62.0159174865758,21.552399792611737,63.56631542374019,19.591209787427033,60.465519549411404,23.513589797796456,-2.472647060684943
61.740788079785716,21.335680977415237,63.284307781780356,19.369073001850623,60.19726837779107,23.302288952979865,-2.476149393632089
61.46490134051378,21.119927084206452,63.001523874026624,19.147925261311613,59.928278807000936,23.09192890710129,-2.4796517265792346
61.18826065287601,20.90514075949244,62.71796716919791,18.927769278479744,59.658554136554116,22.882512240505122,-2.4831540595263806
60.9108694102366,20.691324637911762,62.433641145492516,18.708607753859553,59.388097674980685,22.674041521963957,-2.4866563924735265
60.63273101516624,20.478481342202116,62.1485492905454,18.490443375757167,59.11691273978708,22.466519308647065,-2.490158725420672
60.35384887940051,20.266613483168243,61.86269510138552,18.273278820247455,58.84500265741549,22.259948146089044,-2.493661058367818
60.074226423797896,20.055723659649885,61.576082084392844,18.057116751141123,58.57237076320295,22.054330568158633,-2.497163391314964
59.7938670782979,19.845814458489812,61.28871375525535,17.841959819952052,58.29902040134046,21.849669097027558,-2.5006657242621095
59.512774281878976,19.636888454502184,61.00059363892595,17.627810665864743,58.024954924832,21.64596624313964,-2.5041680572092555
59.23095148251629,19.42894821044098,60.7117252695792,17.414671915702,57.75017769545339,21.443224505179955,-2.5076703901564015
58.948402137139496,19.221996276968525,60.42211219056799,17.202546183892736,57.47469208371101,21.241446370044315,-2.511172723103547
58.66512971159027,19.01603519262416,60.13175795438003,16.991436072439768,57.198501468800515,21.04063431280855,-2.514675056050693
58.38113768057982,18.811067483793195,59.840666122594314,16.781344170888033,56.921609238565324,20.84079079669837,-2.518177388997839
58.09642952764631,18.607095664675867,59.54884026583747,16.572273056292758,56.64401878945515,20.641918273058963,-2.5216797219449845
57.811008745112034,18.404122237256487,59.25628396373984,16.3642252931879,56.365733526484235,20.444019181325075,-2.52518205489213
57.52487883404065,18.20214969127281,58.963000804891664,16.157203433554628,56.086756863189635,20.24709594899099,-2.528684387839276
57.23804330419423,18.001180504185385,58.668994386799085,15.951210016790029,55.80709222158937,20.051150991580755,-2.532186720786422
56.95050567399019,17.801217141147347,58.37426831583995,15.74624756967603,55.52674303214044,19.85618671261865,-2.5356890537335675
56.66226947045813,17.60226205497392,58.07882620721958,15.542318606348275,55.24571273369667,19.66220550359958,-2.5391913866807134
56.37333822919655,17.40431768611262,57.78267168492646,15.339425628265445,54.964004773466634,19.46920974395981,-2.5426937196278594
56.08371549432957,17.207386462613115,57.485808381687804,15.13757112417845,54.68162260697133,19.277201801047795,-2.546196052575005
55.793404818463344,17.0114708000975,57.18823993892493,14.936757570099928,54.39856969800176,19.086184030095055,-2.549698385522151
55.502409762642536,16.81657310173064,56.8899700067086,14.736987429273896,54.11484951857647,18.89615877418737,-2.553200718469297
55.21073389630665,16.6226957581908,56.59100224371432,14.53826315214556,53.830465548898985,18.707128364236027,-2.5567030514164424
54.91838079724626,16.42984114764019,56.291340317177415,14.340587176331198,53.5454212773151,18.51909511894918,-2.5602053843635884
54.62535405155903,16.23801163569584,55.990987902848005,14.143961926588247,53.25972020027005,18.33206134480345,-2.5637077173107343
54.33165725360583,16.047209575400657,55.68994868494598,13.94838981478567,52.97336582226569,18.146029336015644,-2.56721005025788
54.03729400596664,15.857437307194388,55.38822635611581,13.753873239874252,52.68636165581747,17.961001374514524,-2.570712383205026
53.742267919396255,15.66869715888511,55.085824617381164,13.560414587857238,52.398711221411354,17.77697972991298,-2.574214716152172
53.446582612780105,15.480991445620518,54.782747178099605,13.368016231761032,52.1104180474606,17.593966659480003,-2.5777170490993173
53.150241713089855,15.294322469859651,54.4789977559171,13.176680531606138,51.821485670262604,17.41196440811315,-2.5812193820464633
52.85324885533882,15.108692521344537,54.17458007672229,12.98640983437815,51.531917633955345,17.230975208310923,-2.5847217149936093
52.555607682537506,14.924103877072184,53.869497874600945,12.797206473998983,51.24171749047407,17.05100128014537,-2.588224047940755
52.25732184564882,14.74055880126663,53.56375489179004,12.609072771298287,50.950888799507595,16.87204483123496,-2.5917263808879007
51.95839500354336,14.558059545351142,53.25735487863194,12.422011033984916,50.659435128454774,16.69410805671737,-2.5952287138350467
51.65883082295447,14.376608347920666,52.95030159352833,12.23602355661869,50.36736005238061,16.517193139222655,-2.5987310467821922
51.358632978433306,14.196207434714267,52.642598802894135,12.051112620582131,50.07466715397247,16.341302248846418,-2.602233379729338
51.05780515230377,14.016859018587937,52.334250281111366,11.867280494052636,49.78136002349618,16.166437543123237,-2.605735712676484
50.75635103461731,13.838565299487357,52.025259810482744,11.68452943197454,49.48744225875188,15.992601167000174,-2.6092380456236297
50.45427432310762,13.661328464420976,51.71563118118531,11.5028616760315,49.19291746502993,15.81979525281045,-2.6127403785707757
50.15157872314542,13.485150687433162,51.405368191224056,11.322279454618979,48.89778925506678,15.64802192024733,-2.6162427115179216
49.84826794769286,13.310034129577502,51.09447464638518,11.142784982816949,48.602061249000535,15.47728327633807,-2.619745044465067
49.54434571725802,13.13598093889037,50.78295436018947,10.964380462362627,48.30573707432657,15.307581415418113,-2.623247377412213
49.239815759849364,12.962993250364534,50.470811153845595,10.787068081623644,48.00882036585313,15.138918419105423,-2.6267497103593587
48.93468181092981,12.791073185922897,50.15804885620305,10.610850015570975,47.71131476565656,14.97129635627482,-2.6302520433065046
48.62894761337112,12.620222854392637,49.84467130370539,10.435728425752458,47.41322392303684,14.804717283032815,-2.6337543762536506
48.32261691740792,12.450444351479177,49.53068234034311,10.261705460266157,47.11455149447272,14.639183242692198,-2.637256709200796
48.01569348059156,12.281739759740574,49.21608581760635,10.088783253734093,46.81530114357677,14.474696265747056,-2.640759042147942
47.70818106774427,12.114111148561918,48.90088559443788,9.916963927275972,46.51547654105067,14.311258369847877,-2.6442613750950876
47.40008345091278,11.947560574130009,48.585085537185606,9.746249588483266,46.215081364639964,14.148871559776765,-2.6477637080422336
47.091404409322124,11.78209007940805,48.268689519555174,9.576642331393245,45.91411929908907,13.987537827422841,-2.6512660409893796
46.782147729329324,11.617701694110679,47.95170142256256,9.408144236463443,45.61259403609609,13.8272591517579,-2.654768373936525
46.472317204376864,11.45439743467901,47.63412513448628,9.240757370545978,45.31050927426744,13.66803749881204,-2.658270706883671
46.161916634946174,11.292179304255939,47.31596455081983,9.07448378686233,45.00786871907252,13.509874821649532,-2.661773039830817
45.8509498285111,11.131049292661515,46.99722357422388,8.909325524978044,44.70467608279832,13.352773060344973,-2.6652753727779626
45.53942059949109,10.971009376368599,46.67790611447836,8.745284610777816,44.40093508450381,13.196734141959382,-2.6687777057251085
45.22733276920442,10.812061518478586,46.35801608843454,8.582363056440556,44.096649449974315,13.04175998051663,-2.6722800386722545
44.914690165821455,10.654207668697339,46.037557419966994,8.420562860414762,43.79182291167592,12.887852476979901,-2.6757823716194
44.60149662431748,10.497449763311224,45.71653403992541,8.259886007394016,43.48645920870954,12.735013519228445,-2.679284704566546
44.28775598642578,10.341789725163437,45.39494988608642,8.10033446829253,43.180562086765136,12.583244982034358,-2.682787037513692
43.9734721005906,10.187229463630402,45.07280890310536,7.941910200221159,42.874135298075835,12.432548727039645,-2.6862893704608375
43.65864882191967,10.033770874598218,44.75011504246766,7.784615146463167,42.56718260137168,12.282926602733255,-2.6897917034079835
43.34329001213723,9.88141584043963,44.42687226244066,7.62845123645063,42.2597077618338,12.134380444428643,-2.6932940363551294
43.02739953953652,9.7301662299908,44.10308452802493,7.473420385740567,41.9517145510481,11.986912074241033,-2.696796369302275
42.710981278932174,9.580023898528339,43.77875581090548,7.319524495991558,41.64320674695887,11.840523301065133,-2.700298702249421
42.39403911161303,9.4309906877467,43.45389008940336,7.166765454940361,41.33418813382271,11.695215920553025,-2.703801035196567
42.076576925294226,9.283068425735436,43.12849134842658,7.015145136378834,41.02466250216187,11.550991715092053,-2.7073033681437124
41.758598614069626,9.136258926956884,42.80256357942137,6.864665400130804,40.714633648717886,11.407852453782965,-2.7108057010908584
41.44010807836411,8.990563992223855,42.47611078032322,6.715328092029452,40.40410537640501,11.265799892418258,-2.7143080340380044
41.12110922488563,8.84598540867755,42.14913695550777,6.567135043894481,40.09308149426349,11.124835773460603,-2.71781036698515
40.80160596657729,8.702524949765646,41.82164611574172,6.420088073509788,39.78156581741286,10.984961826021504,-2.721312699932296
40.48160222256947,8.560184375220558,41.49364227813371,6.274188984601068,39.469562167005236,10.846179765840049,-2.724815032879442
40.16110191813162,8.418965431037833,41.16512946608491,6.1294395668137724,39.15707437017833,10.70849129526188,-2.7283173658265873
39.84010898462414,8.278869849454694,40.83611170923974,5.985841595691056,38.84410626000853,10.57189810321833,-2.7318196987737333
39.51862735945023,8.139899348928907,40.50659304343648,5.843396832652132,38.53066167546397,10.436401865205681,-2.7353220317208793
39.19666098600751,8.002055634117582,40.176577510657694,5.702107024970516,38.21674446135732,10.302004243264633,-2.738824364668025
38.874213813639656,7.8653403958563075,39.84606915898065,5.5619739057527084,37.902358468298665,10.168706885959892,-2.742326697615171
38.551289797588076,7.729755311138462,39.51507204252778,5.422999193916922,37.58750755264837,10.03651142836,-2.7458290305623163
38.22789289894314,7.59530204309452,39.183590221416715,5.285184594171881,37.272195576469564,9.90541949201716,-2.7493313635094623
37.904027084595896,7.461982240971793,38.851627761710795,5.148531796996082,36.956426407481004,9.77543268494749,-2.752833696456608
37.5796963271892,7.3297975401141,38.51918873536892,5.013042478616953,36.640203919009465,9.646552601611248,-2.7563360294037538
37.25490460506901,7.198749561941739,38.186277220195734,4.878718300990286,36.32353198994229,9.518780822893191,-2.7598383623508997
36.92965590223572,7.06883991393164,37.85289729979162,4.745560911779933,36.00641450467983,9.392118916083348,-2.7633406952980453
36.60395420829514,6.9400701895975345,37.51905306350252,4.61357194433748,35.68885535308776,9.266568434857604,-2.7668430282451912
36.2778035184096,6.8124419684705515,37.18474860636984,4.482753017682313,35.37085843044935,9.14213091925879,-2.770345361192337
35.95120783324901,6.685956816079738,36.84998802908023,4.353105736481737,35.05242763741778,9.018807895677753,-2.7738476941394827
35.624171158941685,6.560616283932902,36.514775437915226,4.22463169103122,34.733566879968144,8.896600876834569,-2.7773500270866287
35.29669750702528,6.4364219094975255,36.17911494470091,4.09733245723497,34.41428006934965,8.775511361760081,-2.7808523600337747
34.96879089439759,6.313375216182024,35.843010666757536,3.9712095965865757,34.09457112203766,8.655540835777472,-2.78435469298092
34.6404553432672,6.1914777133169565,35.50646672684888,3.84626465614987,33.77444395968551,8.536690770484029,-2.787857025928066
34.311694881104174,6.070730896136482,35.16948725313178,3.7224991685398834,33.45390250907656,8.418962623733066,-2.791359358875212
33.98251354059077,5.951136245760182,34.83207637910554,3.599914651904186,33.132950702076,8.302357839616178,-2.7948616918223577
33.652915359571736,5.832695229174689,34.494238243561036,3.478512609904058,32.811592475582444,8.18687784844532,-2.7983640247695036
33.322904381005046,5.71540929921585,34.15597699053017,3.358294531696245,32.48983177147992,8.072524066735454,-2.8018663577166496
32.992484652912154,5.599279894550818,33.817296769234964,3.2392618919145946,32.16767253658935,7.9592978971870565,-2.805368690663795
32.66166022832828,5.4843084396604524,33.47820173403649,3.1214161506519673,31.845118722620075,7.847200728668952,-2.808871023610941
32.33043516525291,5.370496344821831,33.13869604438423,3.004758753442374,31.522174286121587,7.7362339362012875,-2.812373356558087
31.998813526599797,5.257845006090918,32.79878386476479,2.8892911312431835,31.1988431884348,7.626398880938638,-2.8158756895052326
31.666799380147243,5.146355805285438,32.458469364650924,2.7750147004175716,30.87512939564356,7.517696910153305,-2.8193780224523786
31.334396798488225,5.036030109968067,32.11775671845043,2.66193086271727,30.551036878526016,7.410129357218864,-2.8228803553995245
31.001609858980327,4.926869273429446,31.776650105454838,2.550041005265186,30.22656961250582,7.303697541593706,-2.82638268834667
30.668442643695805,4.818874634671715,31.4351537097882,2.4393465005385053,29.901731577603407,7.198402768804911,-2.829885021293816
30.334899239371545,4.712047518392055,31.093271720355833,2.3298487063518536,29.576526758387256,7.094246330432242,-2.833387354240962
30.000983737358844,4.606389234966429,30.751008330792814,2.221548965840583,29.250959143924874,6.99122950409226,-2.8368896871881075
29.666700233573255,4.501901080433527,30.408367739412586,2.114448607444359,28.925032727733925,6.88935355342268,-2.8403920201352535
29.33205282844444,4.398584336478862,30.06535414915555,2.0085489448908334,28.598751507733326,6.788619728066891,-2.8438943530823995
28.99704562686571,4.296440270419055,29.72197176753735,1.9038512771795268,28.272119486194065,6.689029263658583,-2.847396686029545
28.661682738143767,4.195470135186241,29.378224806597363,1.8003568885659007,27.945140669690172,6.5905833818065815,-2.850899018976691
28.325968275948366,4.095675169312798,29.034117482847076,1.6980670485456102,27.617819069049656,6.493283290079972,-2.8544013519238365
27.989906358261635,3.9970565969160248,28.689654017218174,1.5969830118389297,27.290158699305096,6.39713018199312,-2.8579036848709825
27.65350110732785,3.899615627683275,28.344838635011044,1.497106018375348,26.962163579644653,6.302125236991188,-2.861406017818128
27.31675664960263,3.803353456856968,27.999675565842697,1.3984372932783913,26.633837733362565,6.208269620435544,-2.864908350765274
26.979677115702422,3.7082712652200627,27.654169043594983,1.3009780468505596,26.30518518780986,6.115564483589566,-2.86841068371242
26.64226664035389,3.6143702190814793,27.308323306362738,1.204729474558519,25.976209974345043,6.024010963604454,-2.8719130166595654
26.304529362343064,3.52165147026183,26.96214259640164,1.1096927570183794,25.646916128284488,5.93361018350528,-2.8754153496067114
25.966469424464645,3.430116156079265,26.615631160076262,1.0158690599812417,25.317307688853028,5.844363252177288,-2.8789176825538574
25.628090973471252,3.3397653993355902,26.268793247808034,0.9232595343189871,24.98738869913447,5.756271264352208,-2.882420015501003
25.28939816002242,3.2506003083024098,25.92163311402298,0.8318653160099672,24.65716320602186,5.669335300594852,-2.885922348448149
24.95039513863375,3.1626219767075554,25.574155017099592,0.7416875261252471,24.326635260167905,5.583556427289864,-2.889424681395295
24.611086067626026,3.0758314837217426,25.226363219316678,0.6527272708147933,23.995808915935374,5.498935696628706,-2.8929270143424404
24.27147510907407,2.9902298939452265,24.878261986800926,0.564985641293859,23.66468823134722,5.415474146596594,-2.8964293472895863
23.93156642875576,2.905818257394799,24.529855589474657,0.4784637138296688,23.33327726803687,5.333172800959929,-2.8999316802367323
23.591364196101,2.8225976094908987,24.181148301003525,0.3931625497281743,23.001580091198473,5.252032669253623,-2.903434013183878
23.250872584140357,2.7405689710449224,23.832144398743864,0.3090831953210511,22.669600769536846,5.172054746768794,-2.906936346131024
22.910095769454145,2.6597333482466894,23.482848163690498,0.226226681952852,22.33734337521779,5.093240014540513,-2.9104386790781698
22.569037932121073,2.5800917326521073,23.1332638804241,0.1445940259684022,22.004811983818044,5.015589439335798,-2.9139410120253153
22.227703255666828,2.501645101170965,22.7833958370585,0.06418622870023682,21.672010674275157,4.939103973641693,-2.9174433449724613
21.886095927013052,2.424394416055094,22.43324832518838,-0.014995723543535178,21.338943528837724,4.863784555653709,-2.9209456779196072
21.544220136425736,2.348340624886319,22.08282563983638,-0.09295085949152337,21.005614633015092,4.789632109264161,-2.9244480108667528
21.20208007746392,2.2734846605650887,21.732132079400515,-0.16967822292079404,20.67202807552732,4.716647544050957,-2.9279503438138987
20.859679946928296,2.199827441298879,21.3811719456015,-0.24517687266865096,20.338187948255086,4.644831755266395,-2.9314526767610447
20.517023944809623,2.1273698705909396,21.029949543429865,-0.3194458826442883,20.004098346189384,4.574185623826168,-2.9349550097081902
20.17411627423727,2.056112837229321,20.678469181093202,-0.3924843418399462,19.66976336738134,4.5047100162985885,-2.938457342655336
19.8309611414277,1.986057215275821,20.326735169963392,-0.4642913543422793,19.335187112892008,4.436405784893935,-2.941959675602482
19.48756275563278,1.9172038640553666,19.9747518245236,-0.5348660393432425,19.000373686741963,4.36927376745399,-2.9454620085496277
19.143925329088187,1.8495536281454577,19.622523462315392,-0.6042075311509194,18.665327195860982,4.3033147874418205,-2.9489643414967737
18.800053076961813,1.7831073373657347,19.27005440388586,-0.6723149792001095,18.330051750037768,4.238529653931593,-2.9524666744439196
18.455950217301943,1.7178658067679464,18.917348972734494,-0.7391875480628585,17.994551461869396,4.174919161598751,-2.955969007391065
18.11162097098556,1.653829836625789,18.5644114952602,-0.8048244174585619,17.65883044671092,4.11248409071014,-2.959471340338211
17.767069561666656,1.5910002124252003,18.211246300708325,-0.869224782264169,17.32289282262499,4.05122520711457,-2.9629736732853567
17.422300215724217,1.529377704854653,17.857857721117323,-0.9323878525239877,16.98674271033111,3.9911432622332796,-2.9664760062325026
17.077317162210626,1.468963069795791,17.50425009126589,-0.99431285345932,16.65038423315536,3.932238993050902,-2.9699783391796486
16.732124632799668,1.409757048314063,17.15042774861966,-1.0549990254780823,16.313821516979676,3.874513122106208,-2.973480672126794
16.38672686173451,1.3517603666496854,16.79639503327787,-1.1144456241840857,15.977058690191148,3.817966357483442,-2.97698300507394
16.041128085776023,1.2949737362087177,16.442156287920426,-1.1726519203860732,15.640099883631624,3.7625993928034944,-2.9804853380210856
15.695332544150583,1.2393978535543368,16.087715857754347,-1.2296172001068015,15.302949230546819,3.7084129072154752,-2.9839876709682316
15.34934447849816,1.1850334003983107,15.733078090460616,-1.2853407645917372,14.965610866535707,3.6554075653883444,-2.9874900039153776
15.003168132820353,1.1318810435925997,15.378247336140861,-1.3398219303175836,14.628088929499842,3.603584017502783,-2.990992336862523
14.656807753428188,1.0799414351212278,15.023227947263894,-1.3930600290007504,14.290387559592483,3.5529428992431917,-2.994494669809669
14.310267588890124,1.0292152120922111,14.668024278612377,-1.4450544076054967,13.952510899167871,3.5034848317899048,-2.997997002756815
13.963551889979975,0.9797029967298272,14.312640687229475,-1.4958044283519314,13.614463092730475,3.4552104218115858,-3.0014993357039605
13.61666490962466,0.9314053963669267,13.957081532365276,-1.5453094687239002,13.276248286884043,3.4081202614577535,-3.0050016686511065
13.269610902852083,0.8843230034374869,13.601351175423385,-1.5935689214765745,12.93787063028078,3.3622149283515483,-3.0085040015982525
12.922394126739048,0.8384563954694215,13.245453979907523,-1.6405821946438408,12.599334273570571,3.317494985582684,-3.012006334545398
12.575018840358773,0.7938061350773182,12.889394311367742,-1.6863487115457474,12.260643369349804,3.273960981700384,-3.015508667492544
12.227489304728957,0.7503727699557601,12.533176537347181,-1.7308679107953395,11.921802072110733,3.231613450706874,-3.01901100043969
11.879809782759363,0.7081568328724472,12.176805027328346,-1.7741392463057508,11.582814538190378,3.190452912050631,-3.0225133333868355
11.531984539199405,0.6671588416617027,11.82028415267939,-1.8161621872967544,11.24368492571942,3.1504798706201598,-3.0260156663339814
11.184017840586122,0.6273792992181768,11.463618286600775,-1.856936218301371,10.90441739457147,3.1116948167377245,-3.0295179992811274
10.835913955191597,0.5888186934905946,11.106811804071386,-1.8964608391721356,10.565016106311807,3.074098226153339,-3.033020332228273
10.487677152970685,0.5514774974758296,10.749869081794953,-1.93473556508728,10.225485224146418,3.037690560038925,-3.036522665175419
10.13931170550872,0.5153561692130637,10.392794498146436,-1.9717599265566008,9.885828912871,3.0024722649827424,-3.040024998122565
9.790821885968958,0.48045515177818743,10.03559243311818,-2.007533469427358,9.546051338819733,2.9684437729837327,-3.0435273310697104
9.442211969040258,0.44677487327840026,9.678267268266264,-2.0420557548896454,9.206156669814252,2.935605501446446,-3.0470296640168564
9.09348623088469,0.41431574684686723,9.320823386656807,-2.075326359481963,8.866149075112572,2.9039578531756973,-3.0505319969640023
8.744648949084961,0.3830781706377593,8.963265172812086,-2.107344875096288,8.526032725357837,2.873501216371821,-3.054034329911148
8.395704402592008,0.35306252782126535,8.605597012656808,-2.138110908983194,8.185811792527208,2.8442359646257387,-3.057536662858294
8.04665687167258,0.32426918657900217,8.247823293464394,-2.167624083756536,7.8454904498807645,2.816162456914526,-3.06103899580544
7.6975106378565945,0.2966985000993816,7.889948403803009,-2.1958840373981303,7.50507287191018,2.7892810375968935,-3.0645413287525853
7.348269983884697,0.27035080657338995,7.531976733481815,-2.2228904232622853,7.16456323428758,2.763592036409051,-3.0680436616997313
6.998939193655805,0.24522642919032478,7.1739126734972,-2.248642910079923,6.82396571381441,2.7390957684605723,-3.071545994646877
6.649522552174325,0.22132567613395793,6.815760615978683,-2.2731411819627,6.483284488369967,2.7157925342306015,-3.075048327594023
6.300024345497872,0.19864884057864174,6.457524954135319,-2.296384938406888,6.142523736860425,2.6936826195641714,-3.0785506605411688
5.95044886068457,0.177196200685799,6.099210082201684,-2.3183738942970535,5.801687639167455,2.6727662956686515,-3.0820529934883143
5.600800385740323,0.15696801960044127,5.740820395383832,-2.339107779909554,5.460780376096815,2.6530438191104224,-3.0855553264354603
5.251083209566518,0.13796454544795722,5.382360289805681,-2.358586340915849,5.119806129327356,2.6345154318117494,-3.089057659382606
4.9013016219071615,0.1201860113311426,5.023834162454841,-2.37680933838557,4.778769081359482,2.6171813610478694,-3.0925599923297518
4.551459913296349,0.10363263532724432,4.6652464111287575,-2.3937765487895746,4.43767341546394,2.601041819444063,-3.0960623252768977
4.201562375005688,0.08830462048531729,4.3066014343808305,-2.4094877640025487,4.096523315630546,2.5860970049731833,-3.0995646582240437
3.8516132989916305,0.07420215482373749,3.947903631466421,-2.423942791305663,3.7553229665168395,2.572347100953152,-3.1030669911711892
3.5016169778426756,0.06132541132795666,3.589157402288742,-2.437141453388847,3.4140765533966086,2.559792276044746,-3.106569324118335
3.1515777047270217,0.049674547948228565,3.230367147345197,-2.449083588353062,3.0727882621088463,2.5484326842495193,-3.1100716570654807
2.8014997733395544,0.03924970759784685,2.8715372676730433,-2.4597690497122073,2.731462279006066,2.538268464907901,-3.1135739900126267
2.4513874778494875,0.030051018151240783,2.5126721647957244,-2.4691977063949793,2.39010279090325,2.529299742697461,-3.1170763229597727
2.1012451128475536,0.022078592442554168,2.1537762406687424,-2.4773694427463795,2.0487139850263647,2.521526627631488,-3.120578655906918
1.751076973293197,0.015332528264096368,1.794853897625527,-2.4842841585292916,1.7073000489608672,2.5149492150574986,-3.124080988854064
1.4008873544621527,0.009812908365319117,1.4359095383237066,-2.489941768925547,1.365865170600599,2.5095675856561854,-3.12758332180121
1.0506805518936284,0.005519800451622814,1.076947565690969,-2.494342204537091,1.0244135380962878,2.5053818054403365,-3.1310856547483557
0.7004608613374791,0.0024532571836886063,0.717972382870916,-2.4974854113867195,0.6829493398040422,2.5023919257540967,-3.1345879876955016
0.3502325787017817,0.0006133161766967987,0.35898839316932624,-2.499371350918878,0.0,2.5,-3.1380903206426476
0.0,0,0.0,-2.5,-0.33613445378151263,2.5,-3.141592653589793
-0.33613445378151263,0,-0.33613445378151263,-2.5,-0.6722689075630253,2.5,-3.141592653589793
-0.6722689075630253,0,-0.6722689075630253,-2.5,-1.0084033613445378,2.5,-3.141592653589793
-1.0084033613445378,0,-1.0084033613445378,-2.5,-1.3445378151260505,2.5,-3.141592653589793
-1.3445378151260505,0,-1.3445378151260505,-2.5,-1.6806722689075633,2.5,-3.141592653589793
-1.6806722689075633,0,-1.6806722689075633,-2.5,-2.0168067226890756,2.5,-3.141592653589793
-2.0168067226890756,0,-2.0168067226890756,-2.5,-2.3529411764705883,2.5,-3.141592653589793
-2.3529411764705883,0,-2.3529411764705883,-2.5,-2.689075630252101,2.5,-3.141592653589793
-2.689075630252101,0,-2.689075630252101,-2.5,-3.025210084033614,2.5,-3.141592653589793
-3.025210084033614,0,-3.025210084033614,-2.5,-3.3613445378151265,2.5,-3.141592653589793
-3.3613445378151265,0,-3.3613445378151265,-2.5,-3.697478991596639,2.5,-3.141592653589793
-3.697478991596639,0,-3.697478991596639,-2.5,-4.033613445378151,2.5,-3.141592653589793
-4.033613445378151,0,-4.033613445378151,-2.5,-4.369747899159664,2.5,-3.141592653589793
-4.369747899159664,0,-4.369747899159664,-2.5,-4.705882352941177,2.5,-3.141592653589793
-4.705882352941177,0,-4.705882352941177,-2.5,-5.04201680672269,2.5,-3.141592653589793
-5.04201680672269,0,-5.04201680672269,-2.5,-5.378151260504202,2.5,-3.141592653589793
-5.378151260504202,0,-5.378151260504202,-2.5,-5.714285714285714,2.5,-3.141592653589793
-5.714285714285714,0,-5.714285714285714,-2.5,-6.050420168067228,2.5,-3.141592653589793
-6.050420168067228,0,-6.050420168067228,-2.5,-6.38655462184874,2.5,-3.141592653589793
-6.38655462184874,0,-6.38655462184874,-2.5,-6.722689075630253,2.5,-3.141592653589793
-6.722689075630253,0,-6.722689075630253,-2.5,-7.058823529411765,2.5,-3.141592653589793
-7.058823529411765,0,-7.058823529411765,-2.5,-7.394957983193278,2.5,-3.141592653589793
-7.394957983193278,0,-7.394957983193278,-2.5,-7.731092436974791,2.5,-3.141592653589793
-7.731092436974791,0,-7.731092436974791,-2.5,-8.067226890756302,2.5,-3.141592653589793
-8.067226890756302,0,-8.067226890756302,-2.5,-8.403361344537815,2.5,-3.141592653589793
-8.403361344537815,0,-8.403361344537815,-2.5,-8.739495798319329,2.5,-3.141592653589793
-8.739495798319329,0,-8.739495798319329,-2.5,-9.075630252100842,2.5,-3.141592653589793
-9.075630252100842,0,-9.075630252100842,-2.5,-9.411764705882353,2.5,-3.141592653589793
-9.411764705882353,0,-9.411764705882353,-2.5,-9.747899159663866,2.5,-3.141592653589793
-9.747899159663866,0,-9.747899159663866,-2.5,-10.08403361344538,2.5,-3.141592653589793
-10.08403361344538,0,-10.08403361344538,-2.5,-10.420168067226891,2.5,-3.141592653589793
-10.420168067226891,0,-10.420168067226891,-2.5,-10.756302521008404,2.5,-3.141592653589793
-10.756302521008404,0,-10.756302521008404,-2.5,-11.092436974789917,2.5,-3.141592653589793
-11.092436974789917,0,-11.092436974789917,-2.5,-11.428571428571429,2.5,-3.141592653589793
-11.428571428571429,0,-11.428571428571429,-2.5,-11.764705882352942,2.5,-3.141592653589793
-11.764705882352942,0,-11.764705882352942,-2.5,-12.100840336134455,2.5,-3.141592653589793
-12.100840336134455,0,-12.100840336134455,-2.5,-12.436974789915967,2.5,-3.141592653589793
-12.436974789915967,0,-12.436974789915967,-2.5,-12.77310924369748,2.5,-3.141592653589793
-12.77310924369748,0,-12.77310924369748,-2.5,-13.109243697478993,2.5,-3.141592653589793
-13.109243697478993,0,-13.109243697478993,-2.5,-13.445378151260506,2.5,-3.141592653589793
-13.445378151260506,0,-13.445378151260506,-2.5,-13.781512605042018,2.5,-3.141592653589793
-13.781512605042018,0,-13.781512605042018,-2.5,-14.11764705882353,2.5,-3.141592653589793
-14.11764705882353,0,-14.11764705882353,-2.5,-14.453781512605044,2.5,-3.141592653589793
-14.453781512605044,0,-14.453781512605044,-2.5,-14.789915966386555,2.5,-3.141592653589793
-14.789915966386555,0,-14.789915966386555,-2.5,-15.126050420168069,2.5,-3.141592653589793
-15.126050420168069,0,-15.126050420168069,-2.5,-15.462184873949582,2.5,-3.141592653589793
-15.462184873949582,0,-15.462184873949582,-2.5,-15.798319327731093,2.5,-3.141592653589793
-15.798319327731093,0,-15.798319327731093,-2.5,-16.134453781512605,2.5,-3.141592653589793
-16.134453781512605,0,-16.134453781512605,-2.5,-16.47058823529412,2.5,-3.141592653589793
-16.47058823529412,0,-16.47058823529412,-2.5,-16.80672268907563,2.5,-3.141592653589793
-16.80672268907563,0,-16.80672268907563,-2.5,-17.142857142857146,2.5,-3.141592653589793
-17.142857142857146,0,-17.142857142857146,-2.5,-17.478991596638657,2.5,-3.141592653589793
-17.478991596638657,0,-17.478991596638657,-2.5,-17.81512605042017,2.5,-3.141592653589793
-17.81512605042017,0,-17.81512605042017,-2.5,-18.151260504201684,2.5,-3.141592653589793
-18.151260504201684,0,-18.151260504201684,-2.5,-18.487394957983195,2.5,-3.141592653589793
-18.487394957983195,0,-18.487394957983195,-2.5,-18.823529411764707,2.5,-3.141592653589793
-18.823529411764707,0,-18.823529411764707,-2.5,-19.15966386554622,2.5,-3.141592653589793
-19.15966386554622,0,-19.15966386554622,-2.5,-19.495798319327733,2.5,-3.141592653589793
-19.495798319327733,0,-19.495798319327733,-2.5,-19.831932773109244,2.5,-3.141592653589793
-19.831932773109244,0,-19.831932773109244,-2.5,-20.16806722689076,2.5,-3.141592653589793
-20.16806722689076,0,-20.16806722689076,-2.5,-20.50420168067227,2.5,-3.141592653589793
-20.50420168067227,0,-20.50420168067227,-2.5,-20.840336134453782,2.5,-3.141592653589793
-20.840336134453782,0,-20.840336134453782,-2.5,-21.176470588235297,2.5,-3.141592653589793
-21.176470588235297,0,-21.176470588235297,-2.5,-21.51260504201681,2.5,-3.141592653589793
-21.51260504201681,0,-21.51260504201681,-2.5,-21.84873949579832,2.5,-3.141592653589793
-21.84873949579832,0,-21.84873949579832,-2.5,-22.184873949579835,2.5,-3.141592653589793
-22.184873949579835,0,-22.184873949579835,-2.5,-22.521008403361346,2.5,-3.141592653589793
-22.521008403361346,0,-22.521008403361346,-2.5,-22.857142857142858,2.5,-3.141592653589793
-22.857142857142858,0,-22.857142857142858,-2.5,-23.193277310924373,2.5,-3.141592653589793
-23.193277310924373,0,-23.193277310924373,-2.5,-23.529411764705884,2.5,-3.141592653589793
-23.529411764705884,0,-23.529411764705884,-2.5,-23.865546218487395,2.5,-3.141592653589793
-23.865546218487395,0,-23.865546218487395,-2.5,-24.20168067226891,2.5,-3.141592653589793
-24.20168067226891,0,-24.20168067226891,-2.5,-24.537815126050422,2.5,-3.141592653589793
-24.537815126050422,0,-24.537815126050422,-2.5,-24.873949579831933,2.5,-3.141592653589793
-24.873949579831933,0,-24.873949579831933,-2.5,-25.210084033613448,2.5,-3.141592653589793
-25.210084033613448,0,-25.210084033613448,-2.5,-25.54621848739496,2.5,-3.141592653589793
-25.54621848739496,0,-25.54621848739496,-2.5,-25.88235294117647,2.5,-3.141592653589793
-25.88235294117647,0,-25.88235294117647,-2.5,-26.218487394957986,2.5,-3.141592653589793
-26.218487394957986,0,-26.218487394957986,-2.5,-26.554621848739497,2.5,-3.141592653589793
-26.554621848739497,0,-26.554621848739497,-2.5,-26.890756302521012,2.5,-3.141592653589793
-26.890756302521012,0,-26.890756302521012,-2.5,-27.226890756302524,2.5,-3.141592653589793
-27.226890756302524,0,-27.226890756302524,-2.5,-27.563025210084035,2.5,-3.141592653589793
-27.563025210084035,0,-27.563025210084035,-2.5,-27.89915966386555,2.5,-3.141592653589793
-27.89915966386555,0,-27.89915966386555,-2.5,-28.23529411764706,2.5,-3.141592653589793
-28.23529411764706,0,-28.23529411764706,-2.5,-28.571428571428573,2.5,-3.141592653589793
-28.571428571428573,0,-28.571428571428573,-2.5,-28.907563025210088,2.5,-3.141592653589793
-28.907563025210088,0,-28.907563025210088,-2.5,-29.2436974789916,2.5,-3.141592653589793
-29.2436974789916,0,-29.2436974789916,-2.5,-29.57983193277311,2.5,-3.141592653589793
-29.57983193277311,0,-29.57983193277311,-2.5,-29.915966386554626,2.5,-3.141592653589793
-29.915966386554626,0,-29.915966386554626,-2.5,-30.252100840336137,2.5,-3.141592653589793
-30.252100840336137,0,-30.252100840336137,-2.5,-30.58823529411765,2.5,-3.141592653589793
-30.58823529411765,0,-30.58823529411765,-2.5,-30.924369747899163,2.5,-3.141592653589793
-30.924369747899163,0,-30.924369747899163,-2.5,-31.260504201680675,2.5,-3.141592653589793
-31.260504201680675,0,-31.260504201680675,-2.5,-31.596638655462186,2.5,-3.141592653589793
-31.596638655462186,0,-31.596638655462186,-2.5,-31.9327731092437,2.5,-3.141592653589793
-31.9327731092437,0,-31.9327731092437,-2.5,-32.26890756302521,2.5,-3.141592653589793
-32.26890756302521,0,-32.26890756302521,-2.5,-32.60504201680673,2.5,-3.141592653589793
-32.60504201680673,0,-32.60504201680673,-2.5,-32.94117647058824,2.5,-3.141592653589793
-32.94117647058824,0,-32.94117647058824,-2.5,-33.27731092436975,2.5,-3.141592653589793
-33.27731092436975,0,-33.27731092436975,-2.5,-33.61344537815126,2.5,-3.141592653589793
-33.61344537815126,0,-33.61344537815126,-2.5,-33.94957983193277,2.5,-3.141592653589793
-33.94957983193277,0,-33.94957983193277,-2.5,-34.28571428571429,2.5,-3.141592653589793
-34.28571428571429,0,-34.28571428571429,-2.5,-34.6218487394958,2.5,-3.141592653589793
-34.6218487394958,0,-34.6218487394958,-2.5,-34.957983193277315,2.5,-3.141592653589793
-34.957983193277315,0,-34.957983193277315,-2.5,-35.294117647058826,2.5,-3.141592653589793
-35.294117647058826,0,-35.294117647058826,-2.5,-35.63025210084034,2.5,-3.141592653589793
-35.63025210084034,0,-35.63025210084034,-2.5,-35.96638655462185,2.5,-3.141592653589793
-35.96638655462185,0,-35.96638655462185,-2.5,-36.30252100840337,2.5,-3.141592653589793
-36.30252100840337,0,-36.30252100840337,-2.5,-36.63865546218488,2.5,-3.141592653589793
-36.63865546218488,0,-36.63865546218488,-2.5,-36.97478991596639,2.5,-3.141592653589793
-36.97478991596639,0,-36.97478991596639,-2.5,-37.3109243697479,2.5,-3.141592653589793
-37.3109243697479,0,-37.3109243697479,-2.5,-37.64705882352941,2.5,-3.141592653589793
-37.64705882352941,0,-37.64705882352941,-2.5,-37.983193277310924,2.5,-3.141592653589793
-37.983193277310924,0,-37.983193277310924,-2.5,-38.31932773109244,2.5,-3.141592653589793
-38.31932773109244,0,-38.31932773109244,-2.5,-38.655462184873954,2.5,-3.141592653589793
-38.655462184873954,0,-38.655462184873954,-2.5,-38.991596638655466,2.5,-3.141592653589793
-38.991596638655466,0,-38.991596638655466,-2.5,-39.32773109243698,2.5,-3.141592653589793
-39.32773109243698,0,-39.32773109243698,-2.5,-39.66386554621849,2.5,-3.141592653589793
-39.66386554621849,0,-39.66386554621849,-2.5,-40.0,2.5,-3.141592653589793
